service_area,question,answer
roofing,"How often should I have my roof inspected?","We recommend annual roof inspections, especially after severe weather events. Regular inspections help identify minor issues before they become major problems."
roofing,"How long does a typical roof replacement take?","Most residential roof replacements are completed in 1-3 days, depending on the size and complexity of the roof. We'll provide a specific timeline during your consultation."
roofing,"Do you offer financing options?","Yes, we offer flexible financing options to help make your roofing project affordable. We can discuss available plans during your consultation."
roofing,"What roofing materials do you recommend?","The best material depends on your home's architecture, local climate, and budget. We'll help you choose from asphalt shingles, metal, slate, or tile based on your specific needs."
siding-and-gutters,"What's the best siding material for New Jersey weather?","Fiber cement and quality vinyl siding perform excellently in our climate. Both resist moisture, temperature changes, and storm damage while maintaining their appearance."
siding-and-gutters,"Can you match my existing siding for repairs?","Yes, we maintain relationships with major manufacturers and can source matching materials for most siding types. For discontinued products, we'll find the closest match available."
siding-and-gutters,"How long does siding installation take?","Most homes can be completed in 3-7 days, depending on size and complexity. We'll provide a detailed timeline during your consultation."
siding-and-gutters,"Does new siding really improve energy efficiency?","Yes! Modern siding with proper insulation can reduce energy costs by 20-30%. We can add insulation during installation for maximum efficiency."
windows,"What are the benefits of energy-efficient windows?","Energy-efficient windows reduce heating and cooling costs, improve home comfort, minimize outside noise, reduce UV damage to furniture, and increase your home's resale value."
windows,"How long does window installation take?","Most window installations take 1-3 days depending on the number of windows and complexity. We work efficiently to minimize disruption to your daily routine."
windows,"Do you offer a warranty on window installations?","Yes, we provide comprehensive warranties on both materials and labor. Manufacturer warranties vary by brand, and we offer additional installation warranties for your peace of mind."
windows,"Can you match my existing window style?","Absolutely! We work with all major window manufacturers and can match virtually any style, including double-hung, casement, bay, bow, and custom shapes."
commercial,"Do you work with building managers and property management companies?","Yes, we have extensive experience working with property managers, building owners, and facility managers. We understand the unique requirements of commercial properties and can coordinate with your team."
commercial,"Can you work outside of business hours?","Absolutely. We offer flexible scheduling including evenings, weekends, and overnight work to minimize disruption to your business operations."
commercial,"What types of commercial roofing systems do you install?","We install and repair all commercial roofing systems including TPO, EPDM, PVC, modified bitumen, built-up roofing, and metal roofing systems."
commercial,"Do you provide maintenance plans for commercial properties?","Yes, we offer comprehensive maintenance programs tailored to commercial properties. Regular maintenance extends roof life and helps prevent costly emergency repairs."
historical-restorations,"Do you work with historic preservation societies and boards?","Yes, we have extensive experience working with historic preservation commissions and architectural review boards. We understand the approval process and can help navigate requirements."
historical-restorations,"Can you source authentic historic materials?","Absolutely. We have established relationships with suppliers of authentic materials including slate, clay tiles, copper, and historic wood products. We can match or replicate original materials."
historical-restorations,"Are you familiar with period-appropriate techniques?","Yes, our craftsmen are trained in traditional building techniques including hand-cut slate installation, copper work, and historic masonry methods."
historical-restorations,"Do you offer documentation for historic preservation tax credits?","Yes, we can provide detailed documentation of materials, methods, and work performed to support historic preservation tax credit applications."
skylights,"How do you prevent skylight leaks?","We use proper flashing techniques, high-quality sealants, and careful integration with your roofing system. Our installations come with comprehensive warranties against leaks."
skylights,"Can you install skylights in any type of roof?","We can install skylights in most roof types including asphalt shingle, metal, slate, and tile. Each installation is customized to your specific roof structure and material."
skylights,"What are the benefits of modern skylights?","Modern skylights provide natural light, reduce energy costs, improve ventilation, and enhance your home's aesthetic appeal. Many feature Low-E coatings and insulated glass for energy efficiency."
skylights,"Do you repair existing skylights?","Yes, we repair and service all major skylight brands. Common repairs include resealing, flashing replacement, glass replacement, and mechanism repairs for operable units."
churches-and-institutions,"Do you have experience working on active facilities?","Yes, we specialize in working around active operations. We coordinate schedules to minimize disruption to worship services, school activities, or hospital operations."
churches-and-institutions,"Can you work with our building committee or board?","Absolutely. We're experienced in presenting to committees and boards, providing detailed proposals, and working within institutional decision-making processes."
churches-and-institutions,"Do you handle steeples and bell towers?","Yes, we have the specialized equipment and expertise to work on steeples, bell towers, and other elevated architectural features unique to institutional buildings."
churches-and-institutions,"Can you help with fundraising documentation?","Yes, we provide detailed project documentation, phasing options, and cost breakdowns that support capital campaign and fundraising efforts."
masonry,"How do I know if my chimney needs repair?","Signs include crumbling mortar, loose or missing bricks, white staining (efflorescence), cracks in the crown, or interior water damage. We offer free inspections to assess your chimney's condition."
masonry,"What is tuckpointing and when is it needed?","Tuckpointing is the process of removing and replacing deteriorated mortar between bricks. It's needed when mortar becomes soft, cracked, or recessed, typically every 25-30 years."
masonry,"Can you match the existing brick or stone?","Yes, we specialize in matching existing materials including historic brick, stone, and mortar. We can source authentic materials or custom-blend mortar to match original colors."
masonry,"Do you handle chimney crown and cap repairs?","Yes, we repair and rebuild chimney crowns, install and replace chimney caps, and ensure proper flashing to prevent water infiltration and extend chimney life."
